Date,Unemployment Rate,Unemployment Rate - Men,Unemployment Rate - Women,Labor Force - Men,Labor Force - Women
1948-01-01,3.4,3.4,3.3,43214.0,16881.0
1948-02-01,3.8,3.6,4.5,43400.0,17124.0
1948-03-01,4.0,3.8,4.4,43080.0,16990.0
1948-04-01,3.9,3.8,4.3,43215.0,17462.0
1948-05-01,3.5,3.5,3.7,43002.0,16970.0
1948-06-01,3.6,3.3,4.3,43257.0,17700.0
1948-07-01,3.6,3.4,4.2,43429.0,17752.0
1948-08-01,3.9,3.6,4.4,43403.0,17403.0
1948-09-01,3.8,3.7,4.1,43240.0,17575.0
1948-10-01,3.7,3.6,4.0,43396.0,17250.0
1948-11-01,3.8,3.7,3.9,43337.0,17365.0
1948-12-01,4.0,3.9,4.2,43544.0,17625.0
1949-01-01,4.3,4.2,4.4,43343.0,17428.0
1949-02-01,4.7,4.6,4.8,43396.0,17661.0
1949-03-01,5.0,5.1,4.6,43393.0,17680.0
1949-04-01,5.3,5.3,5.5,43455.0,17552.0
1949-05-01,6.1,6.1,6.0,43505.0,17754.0
1949-06-01,6.2,6.2,6.2,43371.0,17577.0
1949-07-01,6.7,6.7,6.8,43368.0,17933.0
1949-08-01,6.8,6.8,6.8,43602.0,17988.0
1949-09-01,6.6,6.5,6.8,43681.0,17952.0
1949-10-01,7.9,8.4,6.8,44107.0,18078.0
1949-11-01,6.4,6.5,6.3,43861.0,18144.0
1949-12-01,6.6,6.5,6.8,43821.0,18087.0
1950-01-01,6.5,6.4,6.9,43633.0,18028.0
1950-02-01,6.4,6.2,6.8,43629.0,18058.0
1950-03-01,6.3,6.1,6.7,43622.0,17982.0
1950-04-01,5.8,5.9,5.4,43811.0,18347.0
1950-05-01,5.5,5.4,5.8,43888.0,18195.0
1950-06-01,5.4,5.1,6.1,43855.0,18564.0
1950-07-01,5.0,4.8,5.6,43836.0,18285.0
1950-08-01,4.5,4.3,4.8,44054.0,18542.0
1950-09-01,4.4,4.2,5.1,43988.0,18361.0
1950-10-01,4.2,3.9,4.8,43762.0,18666.0
1950-11-01,4.2,3.7,5.2,43524.0,18762.0
1950-12-01,4.3,3.8,5.2,43396.0,18672.0
1951-01-01,3.7,3.3,4.6,43193.0,18748.0
1951-02-01,3.4,3.0,4.5,43108.0,18670.0
1951-03-01,3.4,2.7,4.9,43373.0,19153.0
1951-04-01,3.1,2.5,4.4,42966.0,18842.0
1951-05-01,3.0,2.5,4.2,43031.0,19013.0
1951-06-01,3.2,2.8,4.3,42858.0,18757.0
1951-07-01,3.1,2.7,4.0,42786.0,19320.0
1951-08-01,3.1,2.8,3.9,42879.0,19048.0
1951-09-01,3.3,2.8,4.6,42827.0,18953.0
1951-10-01,3.5,3.1,4.5,43038.0,19166.0
1951-11-01,3.5,3.1,4.5,42906.0,19108.0
1951-12-01,3.1,2.7,4.2,43091.0,19366.0
1952-01-01,3.2,2.8,3.9,43084.0,19348.0
1952-02-01,3.1,2.8,3.8,43129.0,19290.0
1952-03-01,2.9,2.7,3.5,42843.0,18878.0
1952-04-01,2.9,2.7,3.5,42734.0,18986.0
1952-05-01,3.0,2.6,3.9,42823.0,19235.0
1952-06-01,3.0,2.8,3.5,42877.0,19226.0
1952-07-01,3.2,3.0,3.7,42871.0,19091.0
1952-08-01,3.4,3.2,3.8,42718.0,19159.0
1952-09-01,3.1,3.0,3.3,42763.0,19694.0
1952-10-01,3.0,2.6,3.8,42678.0,19293.0
1952-11-01,2.8,2.5,3.4,42762.0,19729.0
1952-12-01,2.7,2.5,3.1,43177.0,19444.0
1953-01-01,2.9,2.8,3.1,43754.0,19685.0
1953-02-01,2.6,2.4,2.9,43933.0,19587.0
1953-03-01,2.6,2.3,3.2,43910.0,19747.0
1953-04-01,2.7,2.6,3.0,43713.0,19454.0
1953-05-01,2.5,2.5,2.7,43518.0,19097.0
1953-06-01,2.5,2.4,2.8,43532.0,19531.0
1953-07-01,2.6,2.5,2.9,43569.0,19488.0
1953-08-01,2.7,2.5,3.0,43515.0,19301.0
1953-09-01,2.9,2.7,3.4,43386.0,19341.0
1953-10-01,3.1,2.9,3.6,43454.0,19413.0
1953-11-01,3.5,3.4,3.7,43789.0,19160.0
1953-12-01,4.5,4.2,5.1,43791.0,19004.0
1954-01-01,4.9,4.4,5.9,43871.0,19230.0
1954-02-01,5.2,4.9,5.9,44135.0,19859.0
1954-03-01,5.7,5.3,6.4,43854.0,19939.0
1954-04-01,5.9,5.6,6.4,44081.0,19853.0
1954-05-01,5.9,5.7,6.3,43993.0,19682.0
1954-06-01,5.6,5.3,6.2,43798.0,19545.0
1954-07-01,5.8,5.6,6.3,43896.0,19406.0
1954-08-01,6.0,6.0,6.2,44185.0,19522.0
1954-09-01,6.1,6.0,6.4,44299.0,19910.0
1954-10-01,5.7,5.7,5.8,44082.0,19854.0
1954-11-01,5.3,5.2,5.6,43983.0,19776.0
1954-12-01,5.0,5.0,5.2,43813.0,19499.0
1955-01-01,4.9,4.8,5.3,44040.0,19870.0
1955-02-01,4.7,4.5,5.0,43923.0,19773.0
1955-03-01,4.6,4.5,4.8,44096.0,19786.0
1955-04-01,4.7,4.7,4.7,44287.0,20277.0
1955-05-01,4.3,4.0,4.7,44283.0,20098.0
1955-06-01,4.2,3.9,4.7,44218.0,20264.0
1955-07-01,4.0,3.8,4.6,44523.0,20622.0
1955-08-01,4.2,3.9,4.9,44566.0,21015.0
1955-09-01,4.1,3.7,5.0,44709.0,20919.0
1955-10-01,4.3,3.9,5.1,44818.0,21003.0
1955-11-01,4.2,3.9,4.9,44925.0,21112.0
1955-12-01,4.2,3.8,4.9,45028.0,21417.0
1956-01-01,4.0,3.8,4.5,45177.0,21242.0
1956-02-01,3.9,3.8,4.3,45068.0,21056.0
1956-03-01,4.2,3.8,5.1,45073.0,21102.0
1956-04-01,4.0,3.6,4.8,45010.0,21254.0
1956-05-01,4.3,3.9,5.0,45155.0,21567.0
1956-06-01,4.3,4.0,5.1,45182.0,21520.0
1956-07-01,4.4,3.8,5.7,45110.0,21642.0
1956-08-01,4.1,3.7,4.8,45086.0,21587.0
1956-09-01,3.9,3.6,4.6,45039.0,21675.0
1956-10-01,3.9,3.5,4.7,44963.0,21583.0
1956-11-01,4.3,4.0,4.9,45086.0,21571.0
1956-12-01,4.2,3.9,4.7,45073.0,21627.0
1957-01-01,4.2,3.9,4.8,44974.0,21454.0
1957-02-01,3.9,3.6,4.5,45110.0,21769.0
1957-03-01,3.7,3.5,4.3,45225.0,21688.0
1957-04-01,3.9,3.8,4.2,45164.0,21483.0
1957-05-01,4.1,3.8,4.7,45142.0,21553.0
1957-06-01,4.3,4.0,4.8,45385.0,21667.0
1957-07-01,4.2,3.8,4.8,45377.0,21959.0
1957-08-01,4.1,3.9,4.7,45065.0,21641.0
1957-09-01,4.4,4.3,4.6,45228.0,21836.0
1957-10-01,4.5,4.4,4.6,45195.0,21871.0
1957-11-01,5.1,5.2,5.1,45266.0,21857.0
1957-12-01,5.2,5.2,5.1,45374.0,22024.0
1958-01-01,5.8,5.7,5.9,45223.0,21872.0
1958-02-01,6.4,6.3,6.6,45202.0,21999.0
1958-03-01,6.7,6.7,6.6,45222.0,22001.0
1958-04-01,7.4,7.3,7.6,45445.0,22202.0
1958-05-01,7.4,7.5,7.3,45638.0,22257.0
1958-06-01,7.3,7.4,7.1,45523.0,22151.0
1958-07-01,7.5,7.6,7.3,45726.0,22098.0
1958-08-01,7.4,7.5,7.2,45771.0,22266.0
1958-09-01,7.1,7.1,7.0,45841.0,22161.0
1958-10-01,6.7,6.7,6.7,45858.0,22187.0
1958-11-01,6.2,6.3,6.0,45599.0,22059.0
1958-12-01,6.2,6.2,6.2,45580.0,22160.0
1959-01-01,6.0,5.9,6.2,45606.0,22330.0
1959-02-01,5.9,5.8,6.0,45519.0,22130.0
1959-03-01,5.6,5.3,6.2,45705.0,22363.0
1959-04-01,5.2,4.8,6.1,45828.0,22511.0
1959-05-01,5.1,4.8,5.8,45732.0,22446.0
1959-06-01,5.0,4.7,5.6,45740.0,22538.0
1959-07-01,5.1,4.9,5.7,46044.0,22495.0
1959-08-01,5.2,5.1,5.6,45945.0,22487.0
1959-09-01,5.5,5.5,5.6,46097.0,22448.0
1959-10-01,5.7,5.5,6.1,46092.0,22729.0
1959-11-01,5.8,5.9,5.8,45994.0,22539.0
1959-12-01,5.3,5.0,5.8,46259.0,22735.0
1960-01-01,5.2,5.0,5.7,46296.0,22666.0
1960-02-01,4.8,4.6,5.4,46213.0,22736.0
1960-03-01,5.4,5.3,5.8,45957.0,22442.0
1960-04-01,5.2,5.0,5.5,46400.0,23179.0
1960-05-01,5.1,5.0,5.5,46322.0,23304.0
1960-06-01,5.4,5.2,5.7,46337.0,23597.0
1960-07-01,5.5,5.3,5.8,46305.0,23440.0
1960-08-01,5.6,5.6,5.8,46455.0,23386.0
1960-09-01,5.5,5.5,5.7,46555.0,23596.0
1960-10-01,6.1,5.9,6.4,46569.0,23315.0
1960-11-01,6.1,6.0,6.5,46785.0,23654.0
1960-12-01,6.6,6.3,7.0,46683.0,23712.0
1961-01-01,6.6,6.5,6.9,46740.0,23707.0
1961-02-01,6.9,6.6,7.3,46506.0,23914.0
1961-03-01,6.9,6.6,7.4,46616.0,24087.0
1961-04-01,7.0,6.8,7.4,46549.0,23718.0
1961-05-01,7.1,6.9,7.4,46704.0,23748.0
1961-06-01,6.9,6.5,7.6,46783.0,24095.0
1961-07-01,7.0,6.6,7.7,46695.0,23841.0
1961-08-01,6.6,6.4,7.0,46776.0,23758.0
1961-09-01,6.7,6.3,7.3,46608.0,23609.0
1961-10-01,6.5,6.1,7.2,46636.0,23856.0
1961-11-01,6.1,5.8,6.6,46615.0,23761.0
1961-12-01,6.0,5.7,6.4,46480.0,23597.0
1962-01-01,5.8,5.4,6.7,46342.0,23847.0
1962-02-01,5.5,5.2,6.2,46485.0,23924.0
1962-03-01,5.6,5.2,6.3,46549.0,23865.0
1962-04-01,5.6,5.2,6.2,46439.0,23839.0
1962-05-01,5.5,5.2,6.0,46709.0,23842.0
1962-06-01,5.5,5.3,5.8,46599.0,23915.0
1962-07-01,5.4,5.1,6.1,46408.0,23894.0
1962-08-01,5.7,5.3,6.4,46707.0,24274.0
1962-09-01,5.6,5.2,6.3,46824.0,24329.0
1962-10-01,5.4,5.0,6.1,46769.0,24148.0
1962-11-01,5.7,5.3,6.3,46743.0,24128.0
1962-12-01,5.5,5.1,6.2,46722.0,24132.0
1963-01-01,5.7,5.4,6.4,46820.0,24326.0
1963-02-01,5.9,5.7,6.5,46793.0,24469.0
1963-03-01,5.7,5.4,6.2,46927.0,24496.0
1963-04-01,5.7,5.4,6.2,47035.0,24662.0
1963-05-01,5.9,5.4,6.7,47056.0,24776.0
1963-06-01,5.6,5.1,6.4,47044.0,24582.0
1963-07-01,5.6,5.1,6.6,47232.0,24724.0
1963-08-01,5.4,4.9,6.3,47199.0,24587.0
1963-09-01,5.5,4.9,6.6,47302.0,24829.0
1963-10-01,5.5,5.0,6.6,47285.0,24996.0
1963-11-01,5.7,5.3,6.6,47405.0,25013.0
1963-12-01,5.5,5.0,6.4,47259.0,24929.0
1964-01-01,5.6,5.0,6.6,47351.0,25005.0
1964-02-01,5.4,4.8,6.5,47380.0,25303.0
1964-03-01,5.4,4.8,6.6,47414.0,25299.0
1964-04-01,5.3,4.8,6.4,47662.0,25612.0
1964-05-01,5.1,4.5,6.3,47787.0,25608.0
1964-06-01,5.2,4.7,6.2,47555.0,25477.0
1964-07-01,4.9,4.4,6.0,47734.0,25273.0
1964-08-01,5.0,4.5,5.9,47695.0,25423.0
1964-09-01,5.1,4.6,6.0,47909.0,25381.0
1964-10-01,5.1,4.5,6.1,47855.0,25453.0
1964-11-01,4.8,4.3,5.9,47828.0,25458.0
1964-12-01,5.0,4.3,6.2,47814.0,25651.0
1965-01-01,4.9,4.3,5.9,47927.0,25642.0
1965-02-01,5.1,4.3,6.4,48082.0,25775.0
1965-03-01,4.7,4.1,5.9,48065.0,25884.0
1965-04-01,4.8,4.3,5.9,48279.0,25949.0
1965-05-01,4.6,4.1,5.5,48479.0,25987.0
1965-06-01,4.6,3.9,5.7,48127.0,26285.0
1965-07-01,4.4,3.9,5.3,48385.0,26376.0
1965-08-01,4.4,3.9,5.2,48318.0,26298.0
1965-09-01,4.3,3.7,5.4,48185.0,26317.0
1965-10-01,4.2,3.7,5.1,48357.0,26481.0
1965-11-01,4.1,3.4,5.4,48224.0,26573.0
1965-12-01,4.0,3.4,5.1,48348.0,26745.0
1966-01-01,4.0,3.4,5.0,48380.0,26806.0
1966-02-01,3.8,3.3,4.7,48287.0,26667.0
1966-03-01,3.8,3.3,4.8,48370.0,26705.0
1966-04-01,3.8,3.1,4.8,48454.0,26884.0
1966-05-01,3.9,3.2,5.2,48360.0,27087.0
1966-06-01,3.8,3.2,4.9,48512.0,27135.0
1966-07-01,3.8,3.2,4.8,48493.0,27243.0
1966-08-01,3.8,3.2,4.9,48521.0,27525.0
1966-09-01,3.7,3.1,4.7,48402.0,27654.0
1966-10-01,3.7,3.0,4.9,48444.0,27755.0
1966-11-01,3.6,3.1,4.6,48591.0,28019.0
1966-12-01,3.8,3.2,4.8,48618.0,28023.0
1967-01-01,3.9,3.0,5.4,48715.0,27924.0
1967-02-01,3.8,3.0,5.2,48650.0,27871.0
1967-03-01,3.8,3.0,5.1,48582.0,27746.0
1967-04-01,3.8,3.1,4.9,48698.0,28079.0
1967-05-01,3.8,3.2,5.0,48770.0,28003.0
1967-06-01,3.9,3.2,5.1,49033.0,28237.0
1967-07-01,3.8,3.0,5.1,49090.0,28374.0
1967-08-01,3.8,3.1,4.9,49236.0,28476.0
1967-09-01,3.8,2.9,5.3,49130.0,28682.0
1967-10-01,4.0,3.1,5.6,49294.0,28900.0
1967-11-01,3.9,3.1,5.2,49282.0,28909.0
1967-12-01,3.8,3.1,5.1,49365.0,29126.0
1968-01-01,3.7,3.0,5.0,49047.0,28531.0
1968-02-01,3.8,3.1,5.1,49335.0,28895.0
1968-03-01,3.7,3.0,4.8,49279.0,28977.0
1968-04-01,3.5,2.8,4.7,49348.0,28922.0
1968-05-01,3.5,2.7,4.7,49429.0,29418.0
1968-06-01,3.7,3.0,4.9,49686.0,29434.0
1968-07-01,3.7,2.9,5.0,49651.0,29319.0
1968-08-01,3.5,2.8,4.7,49693.0,29118.0
1968-09-01,3.4,2.7,4.5,49528.0,29330.0
1968-10-01,3.4,2.7,4.5,49579.0,29334.0
1968-11-01,3.4,2.7,4.6,49651.0,29558.0
1968-12-01,3.4,2.7,4.6,49903.0,29560.0
1969-01-01,3.4,2.7,4.6,49871.0,29652.0
1969-02-01,3.4,2.6,4.6,50032.0,29987.0
1969-03-01,3.4,2.7,4.6,50020.0,30059.0
1969-04-01,3.4,2.6,4.7,50015.0,30266.0
1969-05-01,3.4,2.6,4.6,49919.0,30206.0
1969-06-01,3.5,2.7,4.8,50096.0,30600.0
1969-07-01,3.5,2.9,4.6,50186.0,30641.0
1969-08-01,3.5,2.8,4.8,50347.0,30759.0
1969-09-01,3.7,3.1,4.9,50500.0,30790.0
1969-10-01,3.7,3.0,5.0,50469.0,31025.0
1969-11-01,3.5,2.9,4.5,50487.0,30910.0
1969-12-01,3.5,3.0,4.5,50549.0,31075.0
1970-01-01,3.9,3.3,4.9,50778.0,31203.0
1970-02-01,4.2,3.6,5.1,50935.0,31216.0
1970-03-01,4.4,3.7,5.6,51087.0,31411.0
1970-04-01,4.6,4.0,5.5,51145.0,31582.0
1970-05-01,4.8,4.2,5.7,51201.0,31282.0
1970-06-01,4.9,4.5,5.7,51121.0,31363.0
1970-07-01,5.0,4.6,5.8,51243.0,31658.0
1970-08-01,5.1,4.6,6.0,51220.0,31660.0
1970-09-01,5.4,4.8,6.3,51411.0,31543.0
1970-10-01,5.5,5.0,6.4,51413.0,31863.0
1970-11-01,5.9,5.2,6.9,51630.0,31918.0
1970-12-01,6.1,5.6,6.9,51817.0,31853.0
1971-01-01,5.9,5.4,6.8,51755.0,32095.0
1971-02-01,5.9,5.3,6.8,51653.0,31950.0
1971-03-01,6.0,5.3,7.1,51634.0,31941.0
1971-04-01,5.9,5.2,7.0,51996.0,31950.0
1971-05-01,5.9,5.3,6.9,52163.0,31972.0
1971-06-01,5.9,5.3,6.9,51920.0,31786.0
1971-07-01,6.0,5.4,7.0,52338.0,32002.0
1971-08-01,6.1,5.5,7.0,52426.0,32247.0
1971-09-01,6.0,5.4,6.9,52370.0,32361.0
1971-10-01,5.8,5.2,6.8,52396.0,32476.0
1971-11-01,6.0,5.4,7.0,52676.0,32782.0
1971-12-01,6.0,5.5,6.8,52756.0,32869.0
1972-01-01,5.8,5.3,6.7,52885.0,33093.0
1972-02-01,5.7,5.3,6.4,53003.0,33033.0
1972-03-01,5.8,5.3,6.7,53306.0,33305.0
1972-04-01,5.7,5.1,6.7,53287.0,33327.0
1972-05-01,5.7,5.1,6.6,53379.0,33430.0
1972-06-01,5.7,4.9,6.8,53582.0,33424.0
1972-07-01,5.6,4.8,7.0,53603.0,33540.0
1972-08-01,5.6,4.9,6.9,53836.0,33681.0
1972-09-01,5.5,4.8,6.7,53785.0,33607.0
1972-10-01,5.6,4.8,6.8,53783.0,33708.0
1972-11-01,5.3,4.6,6.2,53858.0,33734.0
1972-12-01,5.2,4.5,6.2,54051.0,33892.0
1973-01-01,4.9,4.2,6.1,53785.0,33702.0
1973-02-01,5.0,4.3,6.2,54153.0,34211.0
1973-03-01,4.9,4.3,6.0,54493.0,34353.0
1973-04-01,5.0,4.3,6.1,54435.0,34583.0
1973-05-01,4.9,4.3,5.7,54344.0,34633.0
1973-06-01,4.9,4.1,6.0,54586.0,34962.0
1973-07-01,4.8,4.0,6.0,54743.0,34861.0
1973-08-01,4.8,4.1,6.0,54590.0,34919.0
1973-09-01,4.8,4.0,6.1,54709.0,35129.0
1973-10-01,4.6,3.9,5.7,54927.0,35204.0
1973-11-01,4.8,4.1,6.0,55175.0,35541.0
1973-12-01,4.9,4.2,6.1,55368.0,35522.0
1974-01-01,5.1,4.4,6.2,55736.0,35463.0
1974-02-01,5.2,4.5,6.2,55739.0,35746.0
1974-03-01,5.1,4.4,6.1,55590.0,35863.0
1974-04-01,5.1,4.5,6.0,55432.0,35855.0
1974-05-01,5.1,4.4,6.3,55612.0,35984.0
1974-06-01,5.4,4.6,6.5,55659.0,36209.0
1974-07-01,5.5,4.7,6.8,55576.0,36636.0
1974-08-01,5.5,4.8,6.5,55685.0,36374.0
1974-09-01,5.9,5.0,7.1,55893.0,36595.0
1974-10-01,6.0,5.3,7.1,55985.0,36533.0
1974-11-01,6.6,5.8,7.9,56107.0,36659.0
1974-12-01,7.2,6.4,8.3,56039.0,36741.0
1975-01-01,8.1,7.3,9.2,56042.0,37086.0
1975-02-01,8.1,7.4,9.1,55949.0,36827.0
1975-03-01,8.6,7.9,9.6,56059.0,37106.0
1975-04-01,8.8,8.2,9.6,56165.0,37234.0
1975-05-01,9.0,8.4,9.8,56441.0,37443.0
1975-06-01,8.8,8.3,9.4,56199.0,37376.0
1975-07-01,8.6,8.2,9.3,56482.0,37539.0
1975-08-01,8.4,7.9,9.2,56473.0,37689.0
1975-09-01,8.4,8.0,9.0,56526.0,37676.0
1975-10-01,8.4,7.8,9.2,56427.0,37840.0
1975-11-01,8.3,7.8,9.0,56461.0,37789.0
1975-12-01,8.2,7.6,9.1,56380.0,38029.0
1976-01-01,7.9,7.3,8.9,56620.0,38314.0
1976-02-01,7.7,7.0,8.8,56631.0,38367.0
1976-03-01,7.6,6.9,8.6,56702.0,38513.0
1976-04-01,7.7,7.0,8.6,57082.0,38664.0
1976-05-01,7.4,6.9,8.1,57072.0,38775.0
1976-06-01,7.6,7.1,8.4,56970.0,38915.0
1976-07-01,7.8,7.1,8.8,57304.0,39279.0
1976-08-01,7.8,6.9,9.0,57390.0,39351.0
1976-09-01,7.6,7.0,8.7,57391.0,39162.0
1976-10-01,7.7,7.0,8.7,57498.0,39206.0
1976-11-01,7.8,7.3,8.7,57683.0,39571.0
1976-12-01,7.8,7.2,8.5,57740.0,39608.0
1977-01-01,7.5,6.8,8.5,57637.0,39571.0
1977-02-01,7.6,7.0,8.6,57918.0,39867.0
1977-03-01,7.4,6.6,8.6,57928.0,40187.0
1977-04-01,7.2,6.4,8.4,58016.0,40314.0
1977-05-01,7.0,6.4,7.9,58200.0,40465.0
1977-06-01,7.2,6.4,8.4,58448.0,40645.0
1977-07-01,6.9,6.1,8.0,58374.0,40539.0
1977-08-01,7.0,6.2,8.1,58560.0,40806.0
1977-09-01,6.8,5.8,8.1,58383.0,41070.0
1977-10-01,6.8,6.0,7.9,58846.0,40969.0
1977-11-01,6.8,5.8,8.1,59091.0,41485.0
1977-12-01,6.4,5.5,7.5,59125.0,41366.0
1978-01-01,6.4,5.6,7.6,59197.0,41676.0
1978-02-01,6.3,5.6,7.2,59150.0,41687.0
1978-03-01,6.3,5.6,7.2,59175.0,41917.0
1978-04-01,6.1,5.3,7.1,59323.0,42251.0
1978-05-01,6.0,5.2,7.2,59437.0,42459.0
1978-06-01,5.9,4.9,7.2,59671.0,42700.0
1978-07-01,6.2,5.1,7.6,59595.0,42804.0
1978-08-01,5.9,5.0,7.2,59728.0,42783.0
1978-09-01,6.0,5.1,7.2,59671.0,43124.0
1978-10-01,5.8,5.1,6.7,59876.0,43204.0
1978-11-01,5.9,5.0,7.0,60174.0,43388.0
1978-12-01,6.0,5.3,7.0,60273.0,43536.0
1979-01-01,5.9,5.1,6.9,60527.0,43530.0
1979-02-01,5.9,5.2,6.9,60682.0,43820.0
1979-03-01,5.8,5.1,6.8,60546.0,44043.0
1979-04-01,5.8,5.1,6.8,60449.0,43723.0
1979-05-01,5.6,4.8,6.7,60362.0,43809.0
1979-06-01,5.7,4.9,6.8,60649.0,43989.0
1979-07-01,5.7,5.1,6.6,60810.0,44192.0
1979-08-01,6.0,5.2,7.1,60756.0,44340.0
1979-09-01,5.9,5.2,6.7,61012.0,44518.0
1979-10-01,6.0,5.3,6.9,60924.0,44776.0
1979-11-01,5.9,5.3,6.7,60948.0,44864.0
1979-12-01,6.0,5.3,6.8,61114.0,45144.0
1980-01-01,6.3,5.8,6.9,61293.0,45269.0
1980-02-01,6.3,5.8,7.0,61459.0,45238.0
1980-03-01,6.3,5.9,6.9,61296.0,45146.0
1980-04-01,6.9,6.7,7.2,61310.0,45281.0
1980-05-01,7.5,7.4,7.5,61563.0,45366.0
1980-06-01,7.6,7.6,7.6,61444.0,45336.0
1980-07-01,7.8,7.8,7.8,61623.0,45536.0
1980-08-01,7.7,7.7,7.8,61514.0,45591.0
1980-09-01,7.5,7.6,7.3,61525.0,45573.0
1980-10-01,7.5,7.4,7.7,61650.0,45755.0
1980-11-01,7.5,7.3,7.6,61680.0,45888.0
1980-12-01,7.2,6.9,7.6,61512.0,45840.0
1981-01-01,7.5,7.2,7.8,61834.0,46192.0
1981-02-01,7.4,7.3,7.7,61861.0,46381.0
1981-03-01,7.4,7.1,7.7,62004.0,46549.0
1981-04-01,7.2,6.9,7.6,62182.0,46743.0
1981-05-01,7.5,7.3,7.8,62314.0,46908.0
1981-06-01,7.5,7.3,7.8,61726.0,46670.0
1981-07-01,7.2,6.9,7.7,61842.0,46714.0
1981-08-01,7.4,7.2,7.7,61983.0,46742.0
1981-09-01,7.6,7.2,8.1,61851.0,46443.0
1981-10-01,7.9,7.7,8.3,62006.0,47018.0
1981-11-01,8.3,8.1,8.4,62081.0,47155.0
1981-12-01,8.5,8.5,8.5,62028.0,46884.0
1982-01-01,8.6,8.7,8.5,62068.0,47021.0
1982-02-01,8.9,8.8,8.9,62204.0,47263.0
1982-03-01,9.0,9.1,8.9,62222.0,47345.0
1982-04-01,9.3,9.4,9.3,62348.0,47472.0
1982-05-01,9.4,9.4,9.3,62653.0,47798.0
1982-06-01,9.6,9.8,9.2,62306.0,47775.0
1982-07-01,9.8,10.0,9.6,62374.0,47968.0
1982-08-01,9.8,10.2,9.4,62509.0,48005.0
1982-09-01,10.1,10.6,9.5,62684.0,48037.0
1982-10-01,10.4,10.9,9.8,62766.0,47978.0
1982-11-01,10.8,11.1,10.2,62845.0,48205.0
1982-12-01,10.8,11.2,10.4,62803.0,48280.0
1983-01-01,10.4,10.7,10.1,62463.0,48232.0
1983-02-01,10.4,10.9,9.9,62494.0,48140.0
1983-03-01,10.3,10.7,9.8,62508.0,48079.0
1983-04-01,10.2,10.7,9.5,62691.0,48137.0
1983-05-01,10.1,10.5,9.5,62744.0,48052.0
1983-06-01,10.1,10.1,9.9,63337.0,48542.0
1983-07-01,9.4,9.8,9.0,63344.0,48412.0
1983-08-01,9.5,9.8,9.0,63396.0,48835.0
1983-09-01,9.2,9.5,8.7,63313.0,48985.0
1983-10-01,8.8,9.1,8.5,63187.0,48739.0
1983-11-01,8.5,8.6,8.2,63381.0,48847.0
1983-12-01,8.3,8.3,8.3,63319.0,49008.0
1984-01-01,8.0,8.1,7.9,63350.0,48859.0
1984-02-01,7.8,7.8,7.8,63473.0,49142.0
1984-03-01,7.8,7.7,7.8,63522.0,49191.0
1984-04-01,7.7,7.7,7.8,63595.0,49503.0
1984-05-01,7.4,7.3,7.6,63672.0,49977.0
1984-06-01,7.2,7.1,7.4,64008.0,49809.0
1984-07-01,7.5,7.4,7.6,63931.0,50041.0
1984-08-01,7.5,7.3,7.8,63835.0,49847.0
1984-09-01,7.3,7.3,7.4,64067.0,49790.0
1984-10-01,7.4,7.1,7.7,64012.0,50007.0
1984-11-01,7.2,7.0,7.4,64148.0,50022.0
1984-12-01,7.3,7.2,7.4,64291.0,50290.0
1985-01-01,7.3,7.1,7.6,64146.0,50579.0
1985-02-01,7.2,7.1,7.4,64111.0,50765.0
1985-03-01,7.2,7.0,7.5,64266.0,51062.0
1985-04-01,7.3,7.1,7.5,64391.0,50940.0
1985-05-01,7.2,6.9,7.6,64356.0,50878.0
1985-06-01,7.4,7.2,7.5,64258.0,50707.0
1985-07-01,7.4,7.2,7.6,64409.0,50911.0
1985-08-01,7.1,6.9,7.3,64412.0,50879.0
1985-09-01,7.1,6.9,7.4,64598.0,51307.0
1985-10-01,7.1,7.1,7.3,64762.0,51383.0
1985-11-01,7.0,6.9,7.2,64662.0,51473.0
1985-12-01,7.0,6.8,7.2,64648.0,51706.0
1986-01-01,6.7,6.5,6.9,65064.0,51618.0
1986-02-01,7.2,7.0,7.4,65100.0,51782.0
1986-03-01,7.2,7.0,7.4,65188.0,52032.0
1986-04-01,7.1,6.9,7.4,65228.0,52088.0
1986-05-01,7.2,7.1,7.3,65297.0,52231.0
1986-06-01,7.2,7.1,7.3,65466.0,52618.0
1986-07-01,7.0,7.1,7.0,65507.0,52622.0
1986-08-01,6.9,6.9,6.9,65422.0,52728.0
1986-09-01,7.0,7.1,6.9,65656.0,52739.0
1986-10-01,7.0,7.0,6.9,65593.0,52923.0
1986-11-01,6.9,6.9,6.9,65805.0,52829.0
1986-12-01,6.6,6.7,6.5,65862.0,52749.0
1987-01-01,6.6,6.7,6.6,65987.0,52858.0
1987-02-01,6.6,6.6,6.6,66039.0,53083.0
1987-03-01,6.6,6.5,6.7,65973.0,53297.0
1987-04-01,6.3,6.3,6.3,65995.0,53341.0
1987-05-01,6.3,6.4,6.2,66295.0,53713.0
1987-06-01,6.2,6.3,6.0,66096.0,53548.0
1987-07-01,6.1,6.1,6.0,66112.0,53790.0
1987-08-01,6.0,6.1,6.0,66362.0,53956.0
1987-09-01,5.9,5.8,6.0,66241.0,53770.0
1987-10-01,6.0,5.9,6.1,66413.0,54096.0
1987-11-01,5.8,5.7,6.0,66392.0,54148.0
1987-12-01,5.7,5.7,5.8,66458.0,54271.0
1988-01-01,5.7,5.7,5.8,66608.0,54361.0
1988-02-01,5.7,5.6,5.9,66679.0,54477.0
1988-03-01,5.7,5.7,5.7,66525.0,54388.0
1988-04-01,5.4,5.3,5.6,66808.0,54443.0
1988-05-01,5.6,5.6,5.6,66850.0,54221.0
1988-06-01,5.4,5.4,5.4,66956.0,54517.0
1988-07-01,5.4,5.3,5.5,67020.0,54645.0
1988-08-01,5.6,5.6,5.6,67276.0,54849.0
1988-09-01,5.4,5.3,5.5,67065.0,54895.0
1988-10-01,5.4,5.4,5.4,67064.0,55142.0
1988-11-01,5.3,5.3,5.3,67141.0,55496.0
1988-12-01,5.3,5.3,5.3,67101.0,55521.0
1989-01-01,5.4,5.4,5.4,67491.0,55899.0
1989-02-01,5.2,5.2,5.1,67532.0,55603.0
1989-03-01,5.0,4.9,5.2,67567.0,55660.0
1989-04-01,5.2,5.2,5.3,67744.0,55821.0
1989-05-01,5.2,5.0,5.4,67603.0,55871.0
1989-06-01,5.3,5.1,5.6,68056.0,55939.0
1989-07-01,5.2,5.0,5.6,67913.0,56054.0
1989-08-01,5.2,5.1,5.4,68005.0,56161.0
1989-09-01,5.3,5.4,5.2,67702.0,56242.0
1989-10-01,5.3,5.3,5.4,68043.0,56168.0
1989-11-01,5.4,5.4,5.4,68070.0,56567.0
1989-12-01,5.4,5.3,5.4,68130.0,56367.0
1990-01-01,5.4,5.4,5.3,69054.0,56779.0
1990-02-01,5.3,5.2,5.4,68973.0,56737.0
1990-03-01,5.2,5.2,5.3,69001.0,56800.0
1990-04-01,5.4,5.4,5.4,68911.0,56738.0
1990-05-01,5.4,5.3,5.4,68994.0,56899.0
1990-06-01,5.2,5.3,5.2,68902.0,56671.0
1990-07-01,5.5,5.6,5.4,68962.0,56770.0
1990-08-01,5.7,5.8,5.6,69045.0,56945.0
1990-09-01,5.9,5.9,5.8,68919.0,56973.0
1990-10-01,5.9,6.1,5.7,69097.0,56898.0
1990-11-01,6.2,6.4,5.9,69204.0,56866.0
1990-12-01,6.3,6.5,5.9,69277.0,56865.0
1991-01-01,6.4,6.5,6.2,69053.0,56902.0
1991-02-01,6.6,6.9,6.1,69046.0,56974.0
1991-03-01,6.8,7.2,6.3,69261.0,56977.0
1991-04-01,6.7,7.1,6.2,69239.0,57309.0
1991-05-01,6.9,7.2,6.6,69077.0,57099.0
1991-06-01,6.9,7.2,6.5,69178.0,57153.0
1991-07-01,6.8,7.2,6.3,69190.0,56964.0
1991-08-01,6.9,7.2,6.5,69091.0,57059.0
1991-09-01,6.9,7.3,6.4,69333.0,57317.0
1991-10-01,7.0,7.3,6.6,69192.0,57450.0
1991-11-01,7.0,7.4,6.7,69252.0,57449.0
1991-12-01,7.3,7.6,6.9,69179.0,57485.0
1992-01-01,7.3,7.8,6.7,69525.0,57736.0
1992-02-01,7.4,7.9,6.9,69422.0,57785.0
1992-03-01,7.4,7.9,6.9,69683.0,57921.0
1992-04-01,7.4,7.7,6.9,69787.0,58054.0
1992-05-01,7.6,8.1,7.1,70064.0,58055.0
1992-06-01,7.8,8.3,7.3,70240.0,58219.0
1992-07-01,7.7,8.0,7.3,70165.0,58398.0
1992-08-01,7.6,8.0,7.2,70223.0,58390.0
1992-09-01,7.6,8.0,7.2,70229.0,58272.0
1992-10-01,7.3,7.8,6.8,69989.0,58037.0
1992-11-01,7.4,7.8,7.0,70115.0,58326.0
1992-12-01,7.4,7.6,7.2,70069.0,58485.0
1993-01-01,7.3,7.4,7.0,70060.0,58340.0
1993-02-01,7.1,7.4,6.9,70133.0,58325.0
1993-03-01,7.0,7.5,6.5,70298.0,58300.0
1993-04-01,7.1,7.4,6.7,70188.0,58396.0
1993-05-01,7.1,7.3,6.8,70453.0,58811.0
1993-06-01,7.0,7.4,6.7,70597.0,58814.0
1993-07-01,6.9,7.2,6.5,70625.0,58772.0
1993-08-01,6.8,7.1,6.4,70703.0,58916.0
1993-09-01,6.7,7.0,6.4,70354.0,58914.0
1993-10-01,6.8,6.9,6.5,70468.0,59105.0
1993-11-01,6.6,6.7,6.5,70438.0,59273.0
1993-12-01,6.5,6.6,6.4,70412.0,59529.0
1994-01-01,6.6,6.8,6.4,70724.0,59872.0
1994-02-01,6.6,6.7,6.4,70601.0,60068.0
1994-03-01,6.5,6.5,6.5,70452.0,59948.0
1994-04-01,6.4,6.4,6.3,70481.0,60140.0
1994-05-01,6.1,6.1,6.0,70494.0,60285.0
1994-06-01,6.1,6.1,6.1,70484.0,60077.0
1994-07-01,6.1,6.3,5.9,70599.0,60053.0
1994-08-01,6.0,6.1,6.0,70891.0,60384.0
1994-09-01,5.9,5.8,5.9,70920.0,60501.0
1994-10-01,5.8,5.8,5.7,71221.0,60523.0
1994-11-01,5.6,5.6,5.6,71276.0,60615.0
1994-12-01,5.5,5.5,5.5,71518.0,60433.0
1995-01-01,5.6,5.6,5.6,71466.0,60572.0
1995-02-01,5.4,5.4,5.5,71484.0,60631.0
1995-03-01,5.4,5.3,5.5,71467.0,60641.0
1995-04-01,5.8,5.6,5.9,71501.0,61089.0
1995-05-01,5.6,5.8,5.5,71132.0,60719.0
1995-06-01,5.6,5.6,5.7,71308.0,60641.0
1995-07-01,5.7,5.6,5.8,71267.0,61076.0
1995-08-01,5.7,5.7,5.6,71290.0,61046.0
1995-09-01,5.6,5.6,5.7,71530.0,61081.0
1995-10-01,5.5,5.4,5.7,71358.0,61358.0
1995-11-01,5.6,5.7,5.5,71276.0,61338.0
1995-12-01,5.6,5.7,5.5,71360.0,61151.0
1996-01-01,5.6,5.6,5.8,71418.0,61198.0
1996-02-01,5.5,5.6,5.4,71707.0,61245.0
1996-03-01,5.5,5.6,5.3,71824.0,61356.0
1996-04-01,5.6,5.6,5.5,71880.0,61529.0
1996-05-01,5.6,5.6,5.5,72067.0,61600.0
1996-06-01,5.3,5.3,5.3,72113.0,61584.0
1996-07-01,5.5,5.5,5.4,72349.0,61935.0
1996-08-01,5.1,5.0,5.3,72078.0,61976.0
1996-09-01,5.2,5.2,5.2,72302.0,62213.0
1996-10-01,5.2,5.1,5.4,72503.0,62418.0
1996-11-01,5.4,5.3,5.4,72383.0,62624.0
1996-12-01,5.4,5.0,5.7,72403.0,62710.0
1997-01-01,5.3,5.3,5.3,72876.0,62580.0
1997-02-01,5.2,5.1,5.4,72864.0,62536.0
1997-03-01,5.2,5.1,5.2,73076.0,62815.0
1997-04-01,5.1,5.1,5.0,73162.0,62854.0
1997-05-01,4.9,4.6,5.2,73179.0,62940.0
1997-06-01,5.0,5.0,5.0,73270.0,62941.0
1997-07-01,4.9,4.8,5.0,73259.0,63218.0
1997-08-01,4.8,4.8,4.9,73396.0,63222.0
1997-09-01,4.9,4.7,5.0,73340.0,63335.0
1997-10-01,4.7,4.7,4.7,73436.0,63197.0
1997-11-01,4.6,4.6,4.7,73688.0,63273.0
1997-12-01,4.7,4.7,4.8,73560.0,63595.0
1998-01-01,4.6,4.5,4.8,73600.0,63495.0
1998-02-01,4.6,4.5,4.8,73597.0,63516.0
1998-03-01,4.7,4.6,4.8,73615.0,63621.0
1998-04-01,4.3,4.1,4.6,73721.0,63429.0
1998-05-01,4.4,4.3,4.5,73867.0,63506.0
1998-06-01,4.5,4.4,4.6,73904.0,63552.0
1998-07-01,4.5,4.6,4.5,74068.0,63519.0
1998-08-01,4.5,4.4,4.6,73803.0,63766.0
1998-09-01,4.6,4.6,4.6,74240.0,64045.0
1998-10-01,4.5,4.4,4.7,74245.0,64033.0
1998-11-01,4.4,4.3,4.6,74391.0,63990.0
1998-12-01,4.4,4.3,4.4,74424.0,64210.0
1999-01-01,4.3,4.2,4.4,74423.0,64580.0
1999-02-01,4.4,4.3,4.5,74390.0,64578.0
1999-03-01,4.2,3.9,4.4,74185.0,64545.0
1999-04-01,4.3,4.1,4.6,74203.0,64755.0
1999-05-01,4.2,4.2,4.2,74452.0,64655.0
1999-06-01,4.3,4.2,4.4,74460.0,64868.0
1999-07-01,4.3,4.2,4.5,74562.0,64877.0
1999-08-01,4.2,4.1,4.3,74502.0,64928.0
1999-09-01,4.2,4.1,4.4,74619.0,65003.0
1999-10-01,4.1,4.1,4.1,74677.0,65094.0
1999-11-01,4.1,4.0,4.2,74748.0,65278.0
1999-12-01,4.0,4.0,4.1,74949.0,65228.0
2000-01-01,4.0,3.9,4.1,76136.0,66131.0
2000-02-01,4.1,4.1,4.1,76383.0,66074.0
2000-03-01,4.0,3.8,4.3,76162.0,66272.0
2000-04-01,3.8,3.7,4.0,76163.0,66588.0
2000-05-01,4.0,3.9,4.2,76102.0,66287.0
2000-06-01,4.0,3.8,4.1,76252.0,66339.0
2000-07-01,4.0,3.9,4.2,76037.0,66241.0
2000-08-01,4.1,3.9,4.3,76439.0,66075.0
2000-09-01,3.9,3.9,4.0,76238.0,66279.0
2000-10-01,3.9,3.9,3.9,76304.0,66318.0
2000-11-01,3.9,3.9,4.0,76498.0,66464.0
2000-12-01,3.9,4.0,3.8,76643.0,66606.0
2001-01-01,4.2,4.2,4.1,76955.0,66845.0
2001-02-01,4.2,4.3,4.2,76838.0,66863.0
2001-03-01,4.3,4.3,4.2,76810.0,67114.0
2001-04-01,4.4,4.5,4.3,76883.0,66687.0
2001-05-01,4.3,4.4,4.2,76670.0,66648.0
2001-06-01,4.5,4.6,4.4,76676.0,66681.0
2001-07-01,4.6,4.6,4.5,76844.0,66809.0
2001-08-01,4.9,5.0,4.8,76677.0,66607.0
2001-09-01,5.0,4.9,5.0,77139.0,66850.0
2001-10-01,5.3,5.4,5.2,77111.0,66974.0
2001-11-01,5.5,5.7,5.4,77110.0,67131.0
2001-12-01,5.7,5.8,5.7,77205.0,67100.0
2002-01-01,5.7,5.8,5.5,76994.0,66889.0
2002-02-01,5.7,5.8,5.5,77253.0,67400.0
2002-03-01,5.7,5.9,5.6,77240.0,67240.0
2002-04-01,5.9,6.0,5.9,77390.0,67335.0
2002-05-01,5.8,5.8,5.7,77750.0,67188.0
2002-06-01,5.8,6.0,5.6,77543.0,67264.0
2002-07-01,5.8,5.9,5.7,77554.0,67249.0
2002-08-01,5.7,5.9,5.5,77601.0,67409.0
2002-09-01,5.7,5.9,5.5,77981.0,67571.0
2002-10-01,5.7,5.8,5.6,77707.0,67608.0
2002-11-01,5.9,6.1,5.6,77489.0,67551.0
2002-12-01,6.0,6.2,5.7,77474.0,67593.0
2003-01-01,5.8,6.2,5.4,77746.0,68191.0
2003-02-01,5.9,6.1,5.6,78037.0,68063.0
2003-03-01,5.9,6.1,5.7,77743.0,68279.0
2003-04-01,6.0,6.4,5.7,78155.0,68320.0
2003-05-01,6.1,6.4,5.7,78150.0,68350.0
2003-06-01,6.3,6.7,5.9,78335.0,68721.0
2003-07-01,6.2,6.6,5.7,78204.0,68281.0
2003-08-01,6.1,6.3,5.8,78106.0,68339.0
2003-09-01,6.1,6.4,5.8,78533.0,67997.0
2003-10-01,6.0,6.2,5.7,78471.0,68245.0
2003-11-01,5.8,6.2,5.4,78744.0,68255.0
2003-12-01,5.7,5.8,5.6,78683.0,68046.0
2004-01-01,5.7,5.7,5.7,78860.0,67982.0
2004-02-01,5.6,5.6,5.5,78486.0,68222.0
2004-03-01,5.8,5.8,5.8,78548.0,68396.0
2004-04-01,5.6,5.7,5.4,78537.0,68313.0
2004-05-01,5.6,5.8,5.4,78627.0,68438.0
2004-06-01,5.6,5.7,5.6,78926.0,68534.0
2004-07-01,5.5,5.5,5.5,79150.0,68542.0
2004-08-01,5.4,5.6,5.2,79214.0,68350.0
2004-09-01,5.4,5.6,5.2,79078.0,68337.0
2004-10-01,5.5,5.6,5.3,79303.0,68490.0
2004-11-01,5.4,5.5,5.2,79582.0,68580.0
2004-12-01,5.4,5.5,5.1,79364.0,68696.0
2005-01-01,5.3,5.4,5.1,79215.0,68814.0
2005-02-01,5.4,5.5,5.3,79516.0,68848.0
2005-03-01,5.2,5.3,5.1,79609.0,68782.0
2005-04-01,5.2,5.1,5.2,79871.0,69055.0
2005-05-01,5.1,5.0,5.2,80029.0,69231.0
2005-06-01,5.0,5.0,5.1,80091.0,69147.0
2005-07-01,5.0,4.9,5.1,80138.0,69294.0
2005-08-01,4.9,4.9,4.9,80397.0,69381.0
2005-09-01,5.0,5.0,5.1,80286.0,69667.0
2005-10-01,5.0,4.8,5.1,80236.0,69765.0
2005-11-01,5.0,5.0,5.1,80365.0,69701.0
2005-12-01,4.9,4.8,4.9,80394.0,69636.0
2006-01-01,4.7,4.6,4.8,80648.0,69566.0
2006-02-01,4.8,4.8,4.8,80893.0,69748.0
2006-03-01,4.7,4.7,4.7,81099.0,69714.0
2006-04-01,4.7,4.7,4.7,81091.0,69790.0
2006-05-01,4.6,4.7,4.5,81159.0,69910.0
2006-06-01,4.6,4.6,4.6,81106.0,70248.0
2006-07-01,4.7,4.7,4.7,80898.0,70479.0
2006-08-01,4.7,4.7,4.6,81273.0,70443.0
2006-09-01,4.5,4.4,4.7,81437.0,70226.0
2006-10-01,4.4,4.4,4.4,81539.0,70502.0
2006-11-01,4.5,4.5,4.5,81756.0,70650.0
2006-12-01,4.4,4.5,4.4,82014.0,70717.0
2007-01-01,4.6,4.7,4.5,82258.0,70886.0
2007-02-01,4.5,4.7,4.3,82178.0,70806.0
2007-03-01,4.4,4.5,4.3,82128.0,70923.0
2007-04-01,4.5,4.6,4.4,82078.0,70357.0
2007-05-01,4.4,4.6,4.3,82014.0,70656.0
2007-06-01,4.6,4.7,4.4,82113.0,70928.0
2007-07-01,4.7,4.7,4.6,81997.0,71057.0
2007-08-01,4.6,4.7,4.6,81775.0,70974.0
2007-09-01,4.7,4.8,4.5,82074.0,71340.0
2007-10-01,4.7,4.8,4.6,82059.0,71124.0
2007-11-01,4.7,4.8,4.6,82448.0,71386.0
2007-12-01,5.0,5.1,4.9,82482.0,71436.0
2008-01-01,5.0,5.2,4.8,82617.0,71446.0
2008-02-01,4.9,5.0,4.7,82347.0,71306.0
2008-03-01,5.1,5.2,5.0,82357.0,71551.0
2008-04-01,5.0,5.2,4.8,82267.0,71502.0
2008-05-01,5.4,5.6,5.2,82500.0,71802.0
2008-06-01,5.6,5.8,5.3,82520.0,71793.0
2008-07-01,5.8,6.2,5.3,82755.0,71714.0
2008-08-01,6.1,6.3,5.9,82575.0,72066.0
2008-09-01,6.1,6.7,5.5,82730.0,71839.0
2008-10-01,6.5,7.1,5.9,82781.0,72096.0
2008-11-01,6.8,7.4,6.2,82599.0,72039.0
2008-12-01,7.3,8.0,6.5,82508.0,72147.0
2009-01-01,7.8,8.6,7.0,82270.0,71940.0
2009-02-01,8.3,9.2,7.3,82338.0,72201.0
2009-03-01,8.7,9.7,7.6,81976.0,72157.0
2009-04-01,9.0,10.1,7.6,82368.0,72141.0
2009-05-01,9.4,10.6,8.0,82548.0,72199.0
2009-06-01,9.5,10.6,8.3,82393.0,72323.0
2009-07-01,9.5,10.5,8.3,82250.0,72252.0
2009-08-01,9.6,10.7,8.3,82245.0,72061.0
2009-09-01,9.8,10.9,8.5,82043.0,71784.0
2009-10-01,10.0,11.1,8.7,82043.0,71741.0
2009-11-01,9.9,11.0,8.6,81965.0,71913.0
2009-12-01,9.9,10.9,8.7,81503.0,71609.0
2010-01-01,9.8,11.0,8.4,81614.0,71870.0
2010-02-01,9.8,10.9,8.6,81719.0,71976.0
2010-03-01,9.9,10.9,8.7,82035.0,71919.0
2010-04-01,9.9,10.9,8.8,82518.0,72104.0
2010-05-01,9.6,10.4,8.8,82069.0,72021.0
2010-06-01,9.4,10.4,8.3,81891.0,71725.0
2010-07-01,9.4,10.3,8.5,81992.0,71698.0
2010-08-01,9.5,10.3,8.6,82181.0,71905.0
2010-09-01,9.5,10.2,8.6,82039.0,71936.0
2010-10-01,9.4,10.1,8.7,81762.0,71873.0
2010-11-01,9.8,10.5,9.0,81980.0,72144.0
2010-12-01,9.3,10.0,8.5,81814.0,71835.0
2011-01-01,9.1,9.7,8.5,81682.0,71581.0
2011-02-01,9.0,9.5,8.5,81760.0,71455.0
2011-03-01,9.0,9.5,8.4,81709.0,71667.0
2011-04-01,9.1,9.6,8.5,81831.0,71711.0
2011-05-01,9.0,9.5,8.5,81897.0,71582.0
2011-06-01,9.1,9.6,8.5,81897.0,71449.0
2011-07-01,9.0,9.5,8.4,81788.0,71500.0
2011-08-01,9.0,9.4,8.5,82077.0,71683.0
2011-09-01,9.0,9.3,8.7,82168.0,71963.0
2011-10-01,8.8,9.2,8.4,82115.0,71846.0
2011-11-01,8.6,8.9,8.3,82361.0,71767.0
2011-12-01,8.5,8.7,8.3,82415.0,71580.0
2012-01-01,8.3,8.4,8.2,82035.0,72347.0
2012-02-01,8.3,8.4,8.1,82081.0,72590.0
2012-03-01,8.2,8.4,8.0,82131.0,72618.0
2012-04-01,8.2,8.3,8.0,82112.0,72432.0
2012-05-01,8.2,8.4,7.9,82291.0,72575.0
2012-06-01,8.2,8.4,7.9,82395.0,72687.0
2012-07-01,8.2,8.3,8.0,82365.0,72584.0
2012-08-01,8.1,8.3,7.8,82158.0,72605.0
2012-09-01,7.8,8.0,7.6,82440.0,72720.0
2012-10-01,7.8,7.9,7.6,82705.0,72849.0
2012-11-01,7.7,7.9,7.6,82555.0,72783.0
2012-12-01,7.9,7.9,7.9,82620.0,73008.0
2013-01-01,8.0,8.2,7.8,82972.0,72791.0
2013-02-01,7.7,7.8,7.6,82651.0,72661.0
2013-03-01,7.5,7.6,7.5,82441.0,72564.0
2013-04-01,7.6,7.8,7.3,82680.0,72715.0
2013-05-01,7.5,7.9,7.1,82793.0,72743.0
2013-06-01,7.5,7.7,7.3,82814.0,72935.0
2013-07-01,7.3,7.7,6.8,82754.0,72845.0
2013-08-01,7.2,7.7,6.7,82657.0,72948.0
2013-09-01,7.2,7.7,6.7,82902.0,72785.0
2013-10-01,7.2,7.5,6.8,82256.0,72417.0
2013-11-01,6.9,7.2,6.7,82664.0,72602.0
2013-12-01,6.7,6.8,6.6,82458.0,72724.0
2014-01-01,6.6,6.8,6.3,82540.0,72812.0
2014-02-01,6.7,6.9,6.4,82348.0,73134.0
2014-03-01,6.7,6.7,6.6,82871.0,73156.0
2014-04-01,6.2,6.4,6.1,82491.0,72878.0
2014-05-01,6.3,6.4,6.2,82613.0,73071.0
2014-06-01,6.1,6.3,5.8,82847.0,72861.0
2014-07-01,6.2,6.2,6.1,83049.0,72958.0
2014-08-01,6.1,6.3,6.0,83161.0,72969.0
2014-09-01,5.9,5.9,6.0,83098.0,72942.0
2014-10-01,5.7,5.6,5.9,83062.0,73355.0
2014-11-01,5.8,5.9,5.8,83149.0,73345.0
2014-12-01,5.6,5.7,5.4,83338.0,72994.0
2015-01-01,5.7,5.8,5.5,83597.0,73432.0
2015-02-01,5.5,5.6,5.3,83453.0,73191.0
2015-03-01,5.4,5.6,5.3,83488.0,73155.0
2015-04-01,5.4,5.5,5.4,83698.0,73363.0
2015-05-01,5.6,5.7,5.5,83949.0,73702.0
2015-06-01,5.3,5.3,5.1,83492.0,73570.0
2015-07-01,5.2,5.2,5.2,83600.0,73397.0
2015-08-01,5.1,5.1,5.0,83615.0,73558.0
2015-09-01,5.0,5.1,5.0,83492.0,73241.0
2015-10-01,5.0,5.1,5.0,83588.0,73579.0
2015-11-01,5.1,5.2,5.0,83574.0,73889.0
2015-12-01,5.0,5.1,4.9,83994.0,74041.0
2016-01-01,4.8,4.8,4.9,84050.0,74230.0
2016-02-01,4.9,4.9,4.8,84460.0,74181.0
2016-03-01,5.0,4.9,5.1,84638.0,74541.0
2016-04-01,5.1,5.1,5.0,84731.0,74410.0
2016-05-01,4.8,4.8,4.8,84430.0,74353.0
2016-06-01,4.9,4.9,4.8,84853.0,74114.0
2016-07-01,4.8,5.0,4.5,84943.0,74252.0
2016-08-01,4.9,5.0,4.8,85036.0,74526.0
2016-09-01,5.0,5.1,4.8,85101.0,74614.0
2016-10-01,4.9,5.0,4.7,84993.0,74611.0
2016-11-01,4.7,4.9,4.6,84886.0,74621.0
2016-12-01,4.7,4.8,4.6,84987.0,74691.0
2017-01-01,4.7,4.7,4.7,84902.0,74718.0
2017-02-01,4.6,4.6,4.6,84976.0,74884.0
2017-03-01,4.4,4.5,4.3,84968.0,75169.0
2017-04-01,4.4,4.4,4.5,85142.0,75203.0
2017-05-01,4.4,4.3,4.4,84953.0,75115.0
2017-06-01,4.3,4.3,4.3,85097.0,75095.0
2017-07-01,4.3,4.4,4.2,85028.0,75434.0
2017-08-01,4.4,4.5,4.3,85231.0,75355.0
2017-09-01,4.3,4.3,4.2,85612.0,75528.0
2017-10-01,4.2,4.3,4.0,85297.0,75012.0
2017-11-01,4.2,4.3,4.1,85227.0,75351.0
2017-12-01,4.1,4.2,4.1,85351.0,75184.0
2018-01-01,4.0,4.1,4.0,85789.0,75209.0
2018-02-01,4.1,4.0,4.1,86165.0,75681.0
2018-03-01,4.0,4.0,4.0,86168.0,75592.0
2018-04-01,4.0,4.1,3.8,86246.0,75564.0
2018-05-01,3.8,4.0,3.6,86252.0,75630.0
2018-06-01,4.0,4.1,3.9,86139.0,76041.0
2018-07-01,3.8,3.8,3.8,85911.0,76377.0
2018-08-01,3.8,3.9,3.8,85827.0,75852.0
2018-09-01,3.7,3.8,3.6,85909.0,76126.0
2018-10-01,3.8,3.9,3.8,86126.0,76399.0
2018-11-01,3.8,3.7,3.8,86239.0,76499.0
2018-12-01,3.9,4.0,3.8,86382.0,76764.0
2019-01-01,4.0,4.0,3.9,86490.0,76582.0
2019-02-01,3.8,3.8,3.8,86402.0,76712.0
2019-03-01,3.8,3.9,3.7,86537.0,76498.0
2019-04-01,3.6,3.8,3.5,86310.0,76332.0
2019-05-01,3.6,3.7,3.6,86483.0,76320.0
2019-06-01,3.6,3.6,3.6,86578.0,76451.0
2019-07-01,3.7,3.7,3.7,86793.0,76678.0
2019-08-01,3.7,3.7,3.6,86753.0,77021.0
2019-09-01,3.5,3.6,3.4,86830.0,77185.0
2019-10-01,3.6,3.7,3.5,86859.0,77477.0
2019-11-01,3.6,3.6,3.6,87119.0,77315.0
2019-12-01,3.6,3.5,3.6,87029.0,77604.0
2020-01-01,3.5,3.5,3.5,86991.0,77488.0
2020-02-01,3.5,3.5,3.4,86970.0,77613.0
2020-03-01,4.4,4.4,4.4,86181.0,76583.0
2020-04-01,14.7,13.5,16.1,83101.0,73258.0
2020-05-01,13.2,12.1,14.5,83904.0,74218.0
2020-06-01,11.0,10.5,11.6,84647.0,75187.0
2020-07-01,10.2,9.7,10.7,84538.0,75477.0
2020-08-01,8.4,8.3,8.6,85211.0,75496.0
2020-09-01,7.9,7.7,8.1,85162.0,74991.0
2020-10-01,6.9,7.0,6.8,85489.0,75345.0
2020-11-01,6.7,7.0,6.4,85181.0,75358.0
2020-12-01,6.7,6.7,6.7,85186.0,75485.0
2021-01-01,6.4,6.4,6.3,85195.0,74989.0
2021-02-01,6.2,6.4,6.1,85122.0,75236.0
2021-03-01,6.0,6.2,5.9,85008.0,75623.0
2021-04-01,6.0,6.2,5.8,85416.0,75562.0
2021-05-01,5.8,6.0,5.5,85307.0,75494.0
2021-06-01,5.9,6.0,5.7,85443.0,75671.0
2021-07-01,5.4,5.6,5.2,85505.0,75870.0
2021-08-01,5.2,5.3,5.0,85656.0,75849.0
2021-09-01,4.7,5.0,4.5,85801.0,75670.0
2021-10-01,4.6,4.5,4.6,85735.0,75874.0
2021-11-01,4.2,4.2,4.2,86017.0,76109.0
2021-12-01,3.9,3.9,3.9,85857.0,76437.0
2022-01-01,4.0,4.1,3.9,87074.0,76612.0
2022-02-01,3.8,3.8,3.9,87567.0,76425.0
2022-03-01,3.6,3.6,3.6,87660.0,76749.0
